POI Number,Store Name,ADDRESS1 ,ADDRESS 2,City,PINCODE,STATE,PHONE NUMBER
1,Titan Store,"4, MANTRIBARI ROAD",NEAR HEAD POST OFFICE,AGARTALA,799011,Tripura                                           ,+919998000000
2,Titan Store,"34/2, G-1/2",SANJAY PLACE,AGRA,282002,Uttarpradesh                                      ,+919998000000
3,Titan Store,"17-A, SADAR BAZAAR",AGRA,AGRA,282001,Uttarpradesh                                      ,+919998000000
4,Titan Store,"# 11. 12, 12A,MARIDIA PLAZA,","BESIDE ASSOCIATE PETROL PUMP,C.G. ROAD,",AHMEDABAD,380009,Gujarat                                           ,+919998000000
5,Titan Store,"55, CENTRE POINT",PANCHWATI,AHMEDABAD,380006,Gujarat                                           ,+919998000000
6,Titan Store,"Shop No-1,Ground Floor, Near Saffron restaurant, Kankaria","MANINAGAR, AHMEDABAD ",Ahmedabad,380008,Gujarat                                           ,+919998000000
7,Titan Store,"9-10, MAHARAJ COMPLEX","NEAR RELIEF CINEMA, RELIEF ROAD",AHMEDABAD,380001,Gujarat                                           ,+919998000000
8,Titan Store,SHOP NO.4 & 5 ,"AAROHI COMPLEX, VIJAY CROSS ROADS",AHMEDABAD,380009,Gujarat                                           ,+919998000000
9,Titan Store,"142-143,UPPER GROUND FLOOR,ISCON MALL","BESIDE ISCON TEMPLE,S.G.HIGHWAY",AHMEDABAD,380015,Gujarat                                           ,+919998000000
10,Titan Store,"Shop no 5, Ground Floor, Shivalik Arcade, ","Near Anandnagar Cross Road, 100 Ft ring road",Ahmedabad,380018,GUJARAT,+919998000000
11,Titan Store,"4/40 Vallabh Nagar, Opp. Tapan Hospital, ","Bapu Nagar Char Rasta,Bapu Nagar",AHMEDABAD,380024,Gujarat,+919998000000
12,Titan Store,"3720 A, NAVIPETH",STATION ROAD,AHMEDNAGAR,414001,Maharastra                                        ,+919998000000
13,Titan Store,"SHOP NO. 41,42,54,55, OPP. AKOLA MUNCIPAL CORPORATION,","MG ROAD,AKOLA",AKOLA,444001,Maharastra                                        ,+919998000000
14,Titan Store,C.C.N.BROAD,MULLAKKAL,ALAPPUZHA,688011,Kerala                                            ,+919998000000
15,Titan Store,"SHOP NO. 2 & 3, CENTRE PLACE",DANPUR PLACE,ALIGARH,202001,Uttarpradesh                                      ,+919998000000
16,Titan Store,"18-B/36, SARDAR PATEL NAGAR",CIVIL LINES,ALLAHABAD,211001,Uttarpradesh                                      ,+919998000000
17,Titan Store,"BALAJI COMPLEX MARKET,","SAROJ CHOWK, JAWAHAR ROAD,",AMRAVATI,444601,Maharastra                                        ,+919998000000
18,Titan Store,"Shop No 21 First Floor,","ALPHA ONE MALL, G.T.ROAD, AMRITSTAR",AMRITSAR,143001,Punjab                                            ,+919998000000
19,Titan Store,117,MALL ROAD,AMRITSAR,143001,Punjab                                            ,+919998000000
20,Titan Store,"G-11/12, SANKET COMPLEX",NEAR GRID,ANAND,388001,Gujarat                                           ,+919998000000
21,Titan Store,"Dr. No:  15/603,Vasavi Complex,","Raju Road,",ANANTHPUR,515001,ANDHRA PRADESH,+919998000000
22,Titan Store,"G-24, Prozone Mall, Chikalthana Indusrial Area",Near Api Corner,Aurangabad,431210,Maharastra                                        ,+919998000000
23,Titan Store,KHATOD COMPLEX ,"NIRALA BAZAR ROAD, AURANGAPURA",AURANGABAD,431001,Maharastra                                        ,+919998000000
24,Titan Store,"NO.8, PRABHAT COMPLEX","KG Road, Opp. Bhumika Theatre,",BANGALORE,560009,Karnataka                                         ,+919998000000
25,Titan Store,"21/22, SAFINA PLAZA                                ","Infantry Road, Bangalore",BANGALORE,560001,Karnataka                                         ,+919998000000
26,Titan Store,"Titan Studio, Brigade Orion, Shop No. 26A, 26/1, "," 80 Feet Road, Malleshwaram, ",BANGALORE,560055,Karnataka                                         ,+919998000000
27,Titan Store,"SAHAKARNAGAR, OPP TO BBMP, BYATARANAPURA SIGNAL","BELLARY ROAD,",Bangalore, 560 092,Karnataka                                         ,+919998000000
28,Titan Store,"U G 78 , First floor,","Mantri square , Malleshwaram.",BANGALORE,560003,Karnataka                                         ,+919998000000
29,Titan Store,"OUTER RING ROAD,","( OPP. INNOVATIVE MULTIPLEX), MARATHAHALLI",BANGALORE,560037,Karnataka                                         ,+919998000000
30,Titan Store,"26, CMH ROAD",INDIRANAGAR 2ND STAGE,BANGALORE,560038,Karnataka                                         ,+919998000000
31,Titan Store,"80 FT ROAD,( OPP. RELIANCE COMM)",BASAVESWARANAGAR,BANGALORE,560079,Karnataka                                         ,+919998000000
32,Titan Store,"Shop no 111, first floor,","GARUDA MALL,MAGRATH ROAD",BANGALORE,560025,Karnataka                                         ,+919998000000
33,Titan Store,"PHOENIX MARKET CITY, F-42, WHITEFIELD ROAD,","OPP.MAHADEVAPURA CMC, Mahadevapura Post",BANGALORE,560048,Karnataka                                         ,+919998000000
34,Titan Store,"G11 , Ground floor, Gopalan arcade ,","Rajarajeshwari Nagar, Mysore Road, ",BANGALORE,560098,Karnataka                                         ,+919998000000
35,Titan Store,"G-2,2934E,2935 E MAIN ROAD","NEXT TO FOOD WORLD,VIJAYNAGAR, 2ND STAGE",BANGALORE,560040,Karnataka                                         ,+919998000000
36,Titan Store,BUSY PLAZA,"8TH CROSS, MALLESHWARAM",BANGALORE,560003,Karnataka                                         ,+919998000000
37,Titan Store,"G-1, G.R.PLAZA, 142, D.V.G.ROAD","GANDHI BAZAR, BASAVANAGUDI",BANGALORE,560004,Karnataka                                         ,+919998000000
38,Titan Store,"NO. 5/22, 1ST MAIN, KHM BLOCK,GANGANAGAR,","(80FT ROAD, RT NAGAR),(OPP. ICICI BANK, RT NAGAR BRANCH),",BANGALORE,560032,Karnataka                                         ,+919998000000
39,Titan Store,GOPALA KRISHNA ARCADE,"NO - 39, 11TH MAIN ROAD, JAYANAGAR 4TH BLOCK, ",BANGALORE,560011,Karnataka                                         ,+919998000000
40,Titan Store,RAGHAVENDRA COMPLEX,"JAYANAGAR 4TH BLOCK, 10TH MAIN",BANGALORE,560011,Karnataka                                         ,+919998000000
41,Titan Store,"#187, 10TH CROSS ,","SAMPIGE ROAD, MALLESHWARAM",BANGALORE,580003,Karnataka                                         ,+919998000000
42,Titan Store,"100FT, OUTER RING ROAD, (NEAR DEVE GOWDA PETROL PUMP)",BNASHANKRI 3RD STAGE. ,BANGALORE,560085,Karnataka                                         ,+919998000000
43,Titan Store,"No 204 & 205, Opp to HSBC,","Near IIM, Bannerghatta Road,",BANGALORE,560076,Karnataka                                         ,+919998000000
44,Titan Store,"No 7 & 8,HSR Layout,","1 st sector, 27th Main,",BANGALORE,560109,Karnataka                                         ,+919998000000
45,Titan Store,"NO 29, ANNAPURNA COMPLEX,   ITI COLONY,                                                                        ","NEW B.E.L.ROAD,",BANGALORE,560 054,Karnataka                                         ,+919998000000
46,Titan Store,"G1-9, GROUND FLOOR","INORBIT MALL, WHITEFIELD",BANGALORE,560066,Karnataka                                         ,+919998000000
47,Titan Store,"SHOP 008, THE FORUM","21, HOSUR ROAD, KORAMANGALA",BANGALORE,560029,Karnataka                                         ,+919998000000
48,Titan Store,"CROWN TOWERS, NO 984 80 FT ROAD ST BED AREA,",4TH BLOCK KORAMNGALA ,BANGALORE,560 095,Karnataka                                         ,+919998000000
49,Titan Store,"EVERJOY BUILDING,                                                                                   ","37, COMMERCIAL STREET",BANGALORE,560001,Karnataka                                         ,+919998000000
50,Titan Store,"No 4M 404, Kammanahalli main road, ","HRBR Layout, 2nd Block,",Bangalore,560043,Karnataka                                         ,+919998000000
51,Titan Store,"NO. 2013, 100FT ROAD,                                                                               ","HAL IIND STAGE,INDIARANAGAR, ",BANGALORE,560 008,Karnataka                                         ,+919998000000
52,Titan Store,"No -77,78",M.G.ROAD,BANGALORE,560001,Karnataka                                         ,+919998000000
53,Titan Store,SURVEY NO.16/280,"NEAR TOWER, RAOPURA",BARODA,390001,Gujarat                                           ,+919998000000
54,Titan Store,"17/18, ALKAPURI ARCADE",R.C.DUTT ROAD,BARODA,390007,Gujarat                                           ,+919998000000
55,Titan Store,"G-10, Center Square Mall,","Opp. Vadodra Central, Nr. Genda Circle",BARODA,390007,Gujarat                                           ,+919998000000
56,Titan Store,"Shop No 4, Ground Floor,","Seven Seas Mall,Fatehgunj",BARODA,390002,Gujarat                                           ,+919998000000
57,Titan Store,92(56) S.N. Banerjee Road,"P.O. Barrackpore, Ward no : 22",Barrackpore,700122,West Bengal,+919998000000
58,Titan Store,OPP. TO TOWN HALL,NEAR KALIASTHAN MAIN ROAD,BEGUSARAI,851101,Bihar                                             ,+919998000000
59,Titan Store,MAHAVIR RACHANA BLDG,"OPP BHOOMI MALL, SEC 15, PALM BEACH ROAD","Belapur, Navi Mumbai",400614,Maharastra                                        ,+919998000000
60,Titan Store,"1743/44,","KIRLOSKAR ROAD,",BELGAUM,590001,Karnataka                                         ,+919998000000
61,Titan Store,"NO. 8, GROUND FLOOR, WARD NO 2.",KALAMMA STEERT ,BELLARY,583101,Karnataka                                         ,+919998000000
62,Titan Store,"NO.18 NETAJI ROAD , GULGALIA BHAWAN","(OPP. MANMOHINI TEXTILES) KHAGRA,MURSHIDABAD ",BERHAMPUR,742103,West Bengal                                       ,+919998000000
63,Titan Store,SALALPURIA KATRA,"OPP. SHAH MARKET, D.N.SINGH ROAD",BHAGALPUR,812002,Bihar                                             ,+919998000000
64,Titan Store,DR R P ROAD,NEAR MAHDEV TALKIES,BHAGALPUR,812002,Bihar,+919998000000
65,Titan Store,"12-13-14, DREAMLAND PLAZA","NEAR RELAX CINEMA, STATION ROAD",BHARUCH,392001,Gujarat                                           ,+919998000000
66,Titan Store,"G-3, Krushna Darshan, Waghawadi Road, ",Parimal chowk,Bhavnagar,364001,Gujarat,+919998000000
67,Titan Store,G.V.S.COMMERCIAL COMPLEX,P.P.ROAD,BHEEMAVARAM,534201,AndraPradesh                                      ,+919998000000
68,Titan Store,SHALIMAR HOUSE,"6, MALVIYA NAGAR ,RAJBHAWAN ROAD",BHOPAL,462003,M P                                               ,+919998000000
69,Titan Store,"5-6, Ground Floor,","D.B.Mall, M.P.Nagar",BHOPAL,462011,M P                                               ,+919998000000
70,Titan Store,"E-5/12, ARERA COLONY ",BHOPAL  – 462 016   ,BHOPAL,462016,M P                                               ,+919998000000
71,Titan Store,"794, SAHID NAGAR","vani vihar ,JANPATH",BHUBANESHWAR,751007,Orissa                                            ,+919998000000
72,Titan Store,"MARUTI COMPLEX ,PLOT NO 516/1757","SHOP NO. 7-10,NEAR BIG BAZAR, PATIYA",BHUBANESHWAR,751014,Orissa                                            ,+919998000000
73,Titan Store,"56, ASHOK NAGAR",JANPATH,BHUBANESHWAR,751009,Orissa                                            ,+919998000000
74,Titan Store,"Ground Floor, PGL City Mart, ","Plot No. M/15, Opposite Fire Station, Barmunda",Bhubaneshwar,751003,Orissa                                            ,+919998000000
75,Titan Store,"HORA CHAMBERS ,OPP. RAGHURAJ STADIUM","LINK ROAD,",BILASPUR,495001,Chattisgarh                                       ,+919998000000
76,Titan Store,"Plot No. GA2 Sector 4 ,City Center,","Near Police Club ,",BOKARO,827004,Jarkhand                                          ,+919998000000
77,Titan Store,"SHARMA MANSION, NEAR TINKUNIA BUS STAND ",BESIDE UTI BANK 75- G.T. ROAD ,BURDWAN,713101,West Bengal                                       ,+919998000000
78,Titan Store,"12/1B, LINDSAY STREET,                                                                              ",( NELLIE SENGUPTA SARANI) ,CALCUTTA,700087,West Bengal                                       ,+919998000000
79,Titan Store,"75C, PARK STREET                                                                                    ",KOLKATA,CALCUTTA,700016,West Bengal                                       ,+919998000000
80,Titan Store,SCO 194/195,"SECTOR 17C, BRIDGE ROAD",CHANDIGARH,160017,Chandigarh                                        ,+919998000000
81,Titan Store,FF 152 C ELANTE MALL,CHANDIGARH,CHANDIGARH,160047,Chandigarh                                        ,+919998000000
82,Titan Store,"Shop No.3,Kamala Nehru City Centre,","Jethpura,MAK Azaad Square,Chandrapur",CHANDRAPUR,442401,Maharastra                                        ,+919998000000
83,Titan Store,"45, medavakkam main road, ",Ullagaram,CHENNAI,600091,TamilNadu                                         ,+919998000000
84,Titan Store,CROWN COURT,"34, CATHEDRAL ROAD",CHENNAI,600086,TamilNadu                                         ,+919998000000
85,Titan Store,SHOP NO 12 CITI CENTRE MALL,RADHAKRISHNAN SALAI,CHENNAI, 600 004 ,TamilNadu                                         ,+919998000000
86,Titan Store,"391a,nehru nagar,","kottivakam, Old MahabalipuramRoad,",CHENNAI,600041,TamilNadu                                         ,+919998000000
87,Titan Store,"OLD NO.31, NEW NO.15, 1ST MAIN ROAD, ","GANDHI NAGAR, ADYAR",CHENNAI,600020,TamilNadu                                         ,+919998000000
88,Titan Store,"G-12, ALSA MALL","MONTHIETH ROAD, EGMORE",CHENNAI,600008,TamilNadu                                         ,+919998000000
89,Titan Store,"189, N.S.K.SALAI","OPP. KAMALA THEATRE, VADAPALNI",CHENNAI,600026,TamilNadu                                         ,+919998000000
90,Titan Store," NO. 25, 200 FEET ROAD,","BYE PASS ROAD, VELACHERY, ",CHENNAI,600042,TamilNadu                                         ,+919998000000
91,Titan Store,"OLD NO 17/1,NEW NO 2/1,SRI DEVI COLONY,","7 TH AVENUE ,ASHOK NAGAR,",CHENNAI,600083,TamilNadu                                         ,+919998000000
92,Titan Store,"102, USMAN ROAD",T-NAGAR,CHENNAI,600017,TamilNadu                                         ,+919998000000
93,Titan Store," NEW NO 13, OLD NO 7, RAMAKRISHNA MUTT ROAD, MYLAPORE, CHENNAI 600004",MYLAPORE,CHENNAI,600004,TamilNadu                                         ,+919998000000
94,Titan Store,"Block No:4, Plot No.1397&1398,","Mogappair West,",CHENNAI,600058,TamilNadu                                         ,+919998000000
95,Titan Store,"New no: 50, 70 Feet road, ","Periyar Nagar,Perambur",Chennai,600082,Tamil Nadu,+919998000000
96,Titan Store,"F-72, SPENCER PLAZA   PHASE - II","769, ANNASALAI",CHENNAI,600002,TamilNadu                                         ,+919998000000
97,Titan Store,"OLD NO.166, NEW NO.72,MANNAR SWAMY KOIL STREET,","(OPP. TO ROYAPURAM POST OFFICE),ROYAPURAM,",CHENNAI,600 013,TamilNadu                                         ,+919998000000
98,Titan Store,"No .5 ,Arcot Road, ","Indra Nagar, Vallsaravakam,",CHENNAI,600 087,TamilNadu                                         ,+919998000000
99,Titan Store,"1/2, B BLOCK, 2ND AVENUE",ANNANAGAR EAST,CHENNAI,600102,TamilNadu                                         ,+919998000000
100,Titan Store,"BUILDING NO 312, VALUVARKOTTAM HIGH ROAD ( 151, VILLAGE) ",NUNGAMBAKKAM,CHENNAI, 600 034 ,TamilNadu                                         ,+919998000000
101,Titan Store,"SHOP 21, PRINCE TOWERS, 94-113",PURUSAIWALKAM HIGH ROAD,CHENNAI,600010,TamilNadu                                         ,+919998000000
102,Titan Store,"Door No. 1/557,  (Old Door No. 1/217) ,","East Coast Road, Kottivakkam,",CHENNAI,600041,TamilNadu                                         ,+919998000000
103,Titan Store,"No. 127, GST Rd,","East Paduvai Nagar, (Landmark: Opp. Adyar Ananda Bhavan)",CHENNAI,600 044,TamilNadu                                         ,+919998000000
104,Titan Store,"AMPA SKYWALK, SHOP NO 10","GROUND FLOOR, AMJIKARAI,",CHENNAI,600029,TamilNadu                                         ,+919998000000
105,Titan Store,"#476, MTH road","Ambattur,",CHENNAI,600053,TamilNadu                                         ,+919998000000
106,Titan Store,"No.27, Muthuranga Mudali Street",Tambaram West,CHENNAI,600045,TamilNadu                                         ,+919998000000
107,Titan Store,"F-58, 1st Floor, Phoenix Market City Mall,","142, Velachery Main Road,",CHENNAI,600042,TamilNadu                                         ,+919998000000
108,Titan Store,"No.20, Apex Chambers,                                                                               ",T-NAGAR,CHENNAI,600017,TamilNadu                                         ,+919998000000
109,Titan Store,"Shop No:108 1st Floor,Express Avenue                                                                ","49/50L Whites Road ,Royapettah",CHENNAI,600014,TamilNadu                                         ,+919998000000
110,Titan Store,"NAAZZAR TIMES 40/8365, AMBADY BUILDING",OPP. SHENOY'S THEATRE 'M.G.ROAD,COCHIN,682035,Kerala                                            ,+919998000000
111,Titan Store,"Shop No: F-72,73&79, First Floor, 34/947,","LuLu  Shopping Mall Pvt. Ltd., 34/1000, NH 47, Edapally",Cochin,682024,Kerala                                            ,+919998000000
112,Titan Store,"547-B, D.B.ROAD",R.S.PURAM,COIMBATORE,641002,TamilNadu                                         ,+919998000000
113,Titan Store,"84, ZIMSON SHOPPING ARCADE",CROSS CUT ROAD,COIMBATORE,641012,TamilNadu                                         ,+919998000000
114,Titan Store,"321, Oppanakara Street",COIMBATORE,COIMBATORE,641001,TamilNadu                                         ,+919998000000
115,Titan Store,"Shop No 10 A, Brookefields Mall, "," Krishnasamy Road, ",COIMBATORE,641002,TamilNadu                                         ,+919998000000
116,Titan Store,"Fortpharma 963, Avinashi Road",Kalai Kadhir Building,Coimbatore,641037,TamilNadu                                         ,+919998000000
117,Titan Store,BAROPATHAR,"RAJTARANGINI CINEMA ROAD, BUXI BAZAR",CUTTACK,753001,Orissa                                            ,+919998000000
118,Titan Store,B.K.Road,Opp.To Bharat Petroleum,Cuttack,753003,Orissa,+919998000000
119,Titan Store,NATRAJ HOTEL COMPLEX,TOWER CHOWK,DARBHANGA,846004,Bihar                                             ,+919998000000
120,Titan Store,"NO. 234/7 & 8, MAHESH PLAZA, ","P.B. ROAD, ",DAVANGERE,577002,Karnataka                                         ,+919998000000
121,Titan Store,"7- Astley hall,Near Tanishq Showroom, Rajpur Road","Infront of Punjab National Ban, Near Congress Bhawan, Rajpur Road",Dehradun,248001,Uttarakhand,+919998000000
122,Titan Store,"F4,5 Vijaya Block, Main Vikas Marg, ","Near Nathu Sweets, Laxmi Nagar, ",DELHI,110092,Delhi                                             ,+919998000000
123,Titan Store,"G-1, JANAKPURI DISTRICT CENTRE",JANAK PLACE,DELHI,110018,Delhi                                             ,+919998000000
124,Titan Store,"I-40, CENTRAL MARKET","OPP. AMBA JEWELLERS, LAJPAT NAGAR 2",DELHI,110024,Delhi                                             ,+919998000000
125,Titan Store,"17A/30-31, AJMAL KHAN ROAD",KAROL BAGH,DELHI,110005,Delhi                                             ,+919998000000
126,Titan Store,"E-1/7,shop no-7,","sector-7 opp M2k cinema hall, Rohini",Delhi,110085,DELHI,+919998000000
127,Titan Store,"151, KAPIL VIHAR",PITAMPURA,DELHI,110034,Delhi                                             ,+919998000000
128,Titan Store,"E3 INNER CIRCLE CONNAUGHT PLACE,  NEXT TO TANISHQ                                                                            ",CONNOUGHT PLACE,DELHI,110001,Delhi                                             ,+919998000000
129,Titan Store,"Shop NO.129, DLF Place,                                                                             ","Plot No.A-4, DIstrict Centre,Saket,",DELHI,110017,Delhi                                             ,+919998000000
130,Titan Store,"Premises Bearing No 47,","Bunglow Road, Kamala Nagar",DELHI,110009,DELHI,+919998000000
131,Titan Store,"A-3/1, Main Road,Paschim Vihar                                                                      ","(opp DDA market), Jwala Heri ,",DELHI,110063,Delhi                                             ,+919998000000
132,Titan Store,"N0 - F-- 42,                                                                                          ","SOUTH EXTENSION, PART 1",DELHI,110049,Delhi                                             ,+919998000000
133,Titan Store,"GF-07, PLOT NO-11, SHIVAJI PLACE                                                                    ","DIST CENTRE, NEAR RAJOURI GARDEN",DELHI, 110 027 ,Delhi                                             ,+919998000000
134,Titan Store,"Pacific Mall,Lower Ground Floor,Shop No. 13",Near Subhash Nagar Metro Station,Delhi                                             ,110027,Delhi                                             ,+919998000000
135,Titan Store,"3/4, SHANTI BHAWAN CENTRE",BANK MORE,DHANBAD,826001,Jarkhand                                          ,+919998000000
136,Titan Store,"204/75 Ganesha Complex,","Bye pass road, Dharmapuri",Dharmapuri,636701,TamilNadu                                         ,+919998000000
137,Titan Store,"Opp. Old Bus Stand,","Subash road,",DHARWAD,580001,Karnataka                                         ,+919998000000
138,Titan Store,NYAMOLOTHA ROAD,NEAR PLAZA RESTAURANT,DIMAPUR,797112,Nagaland,+919998000000
139,Titan Store,"NO. 25 & 26, OPP. CANARA BANK MAIN, ","SALAI ROAD, DINDIGUL.",DINDIGUL,624001,TamilNadu                                         ,+919998000000
140,Titan Store,NEAR CHAUHAN PLAZA,G.E.ROAD,DURG BHILAI,490023,Chattisgarh                                       ,+919998000000
141,Titan Store,JUNCTION MALL,CITY CENTRE,DURGAPUR,713216,WEST BENGAL,+919998000000
142,Titan Store,SHAHID KHUDIRAM SARANI,"CITY CENTRE, OPP. UTI BANK",DURGAPUR,713216,West Bengal                                       ,+919998000000
143,Titan Store,"A2,INTERNATIONAL DEPARTURE TERMINAL",COCHIN INTERNATIONAL AIRPORT,ERNAKULAM,683111,Kerala                                            ,+919998000000
144,Titan Store,C.P.COMPLEX,"810, BOUGH ROAD",ERODE,638001,TamilNadu                                         ,+919998000000
145,Titan Store,"62-64, Cutchery Street,","Near Tata Gold Plus, ",ERODE,638001,TamilNadu                                         ,+919998000000
146,Titan Store,"M/S. FINE WATCH COMPANY,SHOP NO. G-46,","GROUND FLOOR,CROWN INTERIORS MALL,",FARIDABAD,121001,Haryana                                           ,+919998000000
147,Titan Store,SHOP NO. 7 & 8,"SRS WORLD, SECTOR 12",FARIDABAD,121001,Haryana                                           ,+919998000000
148,Titan Store,"Shop No: 1 & 2, Cargo Conveior Building,",Towards Main Gandhi Market,GANDHIDHAM,370201,GUJARAT,+919998000000
149,Titan Store,"Opp. Tenzing & Tenzing,","National Highway -31A,",GANGTOK,737101,Sikkim                                            ,+919998000000
150,Titan Store,OPP. TO G.P.O.,G.B.ROAD,GAYA,823001,Bihar                                             ,+919998000000
151,Titan Store,"33-34, SHIPRA MALL",INDIRAPURAM,GHAZIABAD,201012,Uttarpradesh                                      ,+919998000000
152,Titan Store,PACIFIC MALL  FRIST FLOOR,PLOT NO 1 SHAHIBABAD INDUSTRIAL AREA ,GHAZIABAD,201010,Uttarpradesh                                      ,+919998000000
153,Titan Store,"BANWARIS PLAZA , 1, AMBEDKAR ROAD",GHAZIABAD - 201001  U.P,GHAZIABAD,201001,Uttarpradesh                                      ,+919998000000
154,Titan Store,"Shop no - 119      First Floor, VAISHALI","VAISHALI   ,  GHAZIABAD",GHAZIABAD,201010,UTTAR PRADESH,+919998000000
155,Titan Store,TITAN SHOWROOM,BANK ROAD,GORAKHPUR,273001,Uttarpradesh                                      ,+919998000000
156,Titan Store,"6-19-37, 12TH LINE, ARUNDELPET",MAIN ROAD,GUNTUR,522002,AndraPradesh                                      ,+919998000000
157,Titan Store,"5-87-110, Lakshmipuram,","Main Road, ",GUNTUR,522002,AndraPradesh                                      ,+919998000000
158,Titan Store,"ATM 1,2 and 5,MGF Mall,","Ground Floor,Mehrauli,Gurgaon Road,",GURGAON,122001,Haryana                                           ,+919998000000
159,Titan Store,"SHOP NO 157,1ST FLOOR                                                                               ","AMBIENCE MALL ISLAND,NATHUPUR VILLAGE",GURGAON,122016,Haryana                                           ,+919998000000
160,Titan Store,"BASUDEV COMPLEX, CHRISTIAN BASTI",G. S. ROAD ,GUWAHATI, 781 005 ,Assam                                             ,+919998000000
161,Titan Store,"169 G.N.B.ROAD, Chandmari",GUWAHATI,GUWAHATI,781003,ASSAM,+919998000000
162,Titan Store,"G – 1, DINDAYAL CITY MALL,","M.L.B. RD., LASHKAR, ",GWALIOR,474002,M P                                               ,+919998000000
163,Titan Store,UTILITY BUILDING                                                                                    ,SIPCOT INDUSTRIAL COMPLEX,HOSUR,635126,TamilNadu                                         ,+919998000000
164,Titan Store,"2538, U.S.A.TOWERS",COEN ROAD,HUBLI,580020,Karnataka                                         ,+919998000000
165,Titan Store,URBAN OASIS MALL,GOKUL ROAD,HUBLI,,KARNATAKA,+919998000000
166,Titan Store,"1A, Opposite Chermas, Methodist Complex",Abids,HYDERABAD,500001,ANDHRA PRADESH,+919998000000
167,Titan Store,"Shop no 2, Amruthamall,","R.B. Road, Somajiguda,",HYDERABAD,500016,AndraPradesh                                      ,+919998000000
168,Titan Store,"Shop No.5,Prasad Media Corporation Ltd,","Off NTR Gardens,Lic Division P.O,",HYDERABAD,500063,AndraPradesh                                      ,+919998000000
169,Titan Store,"DOOR NO.3-10-6,CG GOPAL RAO COLONY,","TIRUMALGHERI MAIN ROAD,KARKHANA,",HYDERABAD,500015,AndraPradesh                                      ,+919998000000
170,Titan Store,"2-85,Chandanagar,",,HYDERABAD,500050,AndraPradesh                                      ,+919998000000
171,Titan Store,"NO.125, OPP. HOTEL ASRANI INTERNATIONAL",M.G.ROAD,HYDERABAD,500003,AndraPradesh                                      ,+919998000000
172,Titan Store,LIBERTY PLAZA,"3-6-365, BASHEERBAGH",HYDERABAD,500029,AndraPradesh                                      ,+919998000000
173,Titan Store,16-11-741-C/2B,"NANDINI COMPLEX, DILSUKHNAGAR",HYDERABAD,500036,AndraPradesh                                      ,+919998000000
174,Titan Store,"SHOP NO. G35, INORBIT, K RAHEJA , I.T. PARK, MINDSPACE,","CYBERABAD, SURVEY NO. 64 ( PART), APIIC SOFTWARE LAYOUT,MADHAPUR,",HYDERABAD,500 081,AndraPradesh                                      ,+919998000000
175,Titan Store,"PLOT.NO.33,OPP.BATA SHOWROOM,","PRASANTH NAGAR,VANASTHALIPURAM MANIN ROAD,",HYDERABAD,500 070,AndraPradesh                                      ,+919998000000
176,Titan Store,"103&104, ALLURI TRADE CENTRE","OPPOSITE TO  KPHB COLONY, KUKATPALLY",HYDERABAD, 500 072 ,AndraPradesh                                      ,+919998000000
177,Titan Store,"92,MAIN ROAD, HABSIGUDA,OPP,","INDIAN OIL PETROL CORPRATION,",HYDERABAD,500007,AndraPradesh                                      ,+919998000000
178,Titan Store,"# 8-3-191/9, Vengalrao nagar Colony",Near S.R.Nagar Colony,Hyderabad,500038,ANDHRA PRADESH,+919998000000
179,Titan Store,"Shopno-4,1st floor, citycentermall,roadno-1","Banjarahills,",HYDERABAD,500034,ANDHRA PRADESH,+919998000000
180,Titan Store,"1-12-119/15, MBR PLAZA, ","LIG B-15, Dr.A S RAO NAGAR,",HYDERABAD,500 062,AndraPradesh                                      ,+919998000000
181,Titan Store,"No.797/A, ""SAI KRISHNA"",Road No.36,                                                                 ",Adjacent to:Dr.Mohan Diabetes Hospital Jubilee Hills,HYDERABAD,500033,AndraPradesh                                      ,+919998000000
182,Titan Store,"UG 2 & 3, REGAL CENTRE, PLOT NO. 11 ","IDA SCHEME 47, SWAPNA SANGEETA MAIN ROAD",INDORE,452001,M P                                               ,+919998000000
183,Titan Store,"G-11,Ground Floor,","Treasure Island,M.G. Road,",INDORE,452001,M P                                               ,+919998000000
184,Titan Store,SILVER ARCADE,"56, GROUND FLOOR, NEW PALASIA ",INDORE,452001,M P                                               ,+919998000000
185,Titan Store,"Shop No UG 44,45,Orbit Mall, ","Plot no 305-306, A B Road, ",INDORE,450001,M P                                               ,+919998000000
186,Titan Store,"11-12, JABALPUR CLUB COMPLEX",NAUDARA BRIDGE,JABALPUR,482002,M P                                               ,+919998000000
187,Titan Store,"NO.1, JAIPUR TOWERS","OPP. ALL INDIA RADIO, M.I.ROAD",JAIPUR,302001,Rajasthan                                         ,+919998000000
188,Titan Store,"G-1, MILESTONE","GANDHINAGAR MODE,  TONK ROAD",JAIPUR,302015,Rajasthan                                         ,+919998000000
189,Titan Store,"METROPOLITAN MALL, OPPOSITE SAHAKAR BHAWAN, ","SARDAR PATEL MARG C SCHEME, ",JAIPUR,302001,Rajasthan                                         ,+919998000000
190,Titan Store,"G- 3 Silver Square Mall,","Next to Rajamandir Cinema,  C- Scheme",JAIPUR,302001,Rajasthan                                         ,+919998000000
191,Titan Store,WORLD OF TITAN STORE,"FF:6-8, MGF METROPOLITAN MALL,BIAS GODAM.,",JAIPUR,302001,Rajasthan                                         ,+919998000000
192,Titan Store,"410, MAIN MARKET",MODEL TOWN,JALANDHAR,144001,Punjab                                            ,+919998000000
193,Titan Store,"SHOP NO. GF6 & FF7,THE KASHMIR SQUARE,","NEAR EXHIBITION GROUND DOGRA CHOWK,",JAMMU,180001,Jammu Kashmir,+919998000000
194,Titan Store,"# 8,NATRAJ MANSION,",BISTUPUR MN RD,JAMSHEDPUR,831001,Jarkhand                                          ,+919998000000
195,Titan Store,"13, KALMATI ROAD",SAKCHI ,JAMSHEDPUR, 831 001 ,Jarkhand                                          ,+919998000000
196,Titan Store,OPP. M.G.HOSPITAL,JALORI GATE,JODHPUR,342001,Rajasthan                                         ,+919998000000
197,Titan Store,"13-1-24, SUBAS ROAD",SURYARAOPET,KAKINADA,533001,AndraPradesh                                      ,+919998000000
198,Titan Store,"170, GANDHI ROAD",NEAR PACHAIYAPPA TEXTILES,KANCHEEPURAM,631501,TamilNadu                                         ,+919998000000
199,Titan Store,CITY CENTER,FORT ROAD,KANNUR,670001,Kerala                                            ,+919998000000
200,Titan Store,"G - 51 Z SUARE MALL,",16/113 M.G. MARG THE MALL,KANPUR,208001,Uttarpradesh                                      ,+919998000000
201,Titan Store,"NO.1 & 2, 113/121A, SWAROOP NAGAR",OPP. MOTIJHEEL (SHIVAJI GATE),KANPUR,208002,Uttarpradesh                                      ,+919998000000
202,Titan Store,23B,P.P.N.MARKET,KANPUR,208001,Uttarpradesh                                      ,+919998000000
203,Titan Store,"# 3-1-820, Beside Anvitha Fast Food Center,","Opp: ST.Marck Church, Christen Colony,","Karimnagar,",505001,Andhra Pradesh,+919998000000
204,Titan Store,"KVR Mall,25,","Kovai Road,",KARUR,639 002,TamilNadu                                         ,+919998000000
205,Titan Store,"VVC COMPLEX,BESIDE GOLDPLUS",OPP TO HEROHONDA SHOWROOM,KHAMMAM,507002,ANDHRA PRADESH,+919998000000
206,Titan Store,"1445 C, DASARA CHOWK ",LAXMIPURI,KHOLAPUR,416002,Maharastra                                        ,+919998000000
207,Titan Store,"G1 & G2, PIONEER TOWERS",MARINE DRIVE,KOCHI,682031,Kerala                                            ,+919998000000
208,Titan Store,"M/s. Kottaram Agencies,B6, Ground Floor,","Oberon Mall, Edapally Bypass road,",KOCHI,682024,Kerala                                            ,+919998000000
209,Titan Store,"128, Rashbehari Avenue",0,KOLKATA,700029,West Bengal                                       ,+919998000000
210,Titan Store,"1, DIAMOND HARBOUR ROAD, TARATALA",OPP. CESC BUILDING,KOLKATA,700038,West Bengal                                       ,+919998000000
211,Titan Store,"9, JAGMOHAN MULLICK LANE","KALAKAR STREET, BURRABAZAR",KOLKATA,700007,West Bengal                                       ,+919998000000
212,Titan Store,"ELGIN ROAD,", OPP. BHAWANIPORE COLLEGE,KOLKATA,700020,West Bengal                                       ,+919998000000
213,Titan Store,"104  Jessore Road,","Nager Bazar,Near Diamond City North,",KOLKATA,700028,West Bengal                                       ,+919998000000
214,Titan Store,"358/1 Sohum Building, NSC Bose Road,","near HP Petrol pump,Naktala,",KOLKATA,700047,West Bengal                                       ,+919998000000
215,Titan Store,"SHOP NO M0003,BLOCK M,","G FLOOR,CITY CENTRE,NEW TOWN",KOLKATA,7000126,West Bengal                                       ,+919998000000
216,Titan Store,"P59, C.I.T.ROAD, OPP. E.S.I. HOSPITAL, ULTADANGA",SCHEME 7M,KOLKATA,700054,West Bengal                                       ,+919998000000
217,Titan Store,"20, DOBSON ROAD",OPP. A.C.MARKET,KOLKATA,710001,West Bengal                                       ,+919998000000
218,Titan Store,"26 & 30, BHUPEN BOSE AVENUE",SHYAMBAZAR,KOLKATA,700004,West Bengal                                       ,+919998000000
219,Titan Store,"76/2,JESSORE ROAD SOUTH,","OPP. SISHIR KUNJ,HRIDAYPUR,",KOLKATA,700127,West Bengal                                       ,+919998000000
220,Titan Store,"SOUTH CITY MALL, SHOP NO. 006, ","GROUND FLOOR, 375 PRINCE ANWAR SHAH ROAD,",KOLKATA,700068,West Bengal                                       ,+919998000000
221,Titan Store,MAURYA CENTRE,"48, GARIAHAT ROAD, OPP. INDIAN BANK",KOLKATA,700019,West Bengal                                       ,+919998000000
222,Titan Store,NEAR SRINIKETAN STATION ROAD,"SODEPUR, 24PGS(N) ",KOLKATA, 700 110 ,West Bengal                                       ,+919998000000
223,Titan Store,"1st floor, Shopno:55, Avani Riverside Mall","32,Jagat BanerjeeGhat Road, Howrah",KOLKATA,711102,WEST BENGAL,+919998000000
224,Titan Store,"MANI SQUARE,164/1 MANIKTALA MAIN RD,","GROUND FLOOR, SHOP 12,",KOLKATA,700054,West Bengal                                       ,+919998000000
225,Titan Store,"Block  E, Shop No : 105B","City Center 1, Salt Lake , Sector - I",Kolkata,700064,WEST BENGAL,+919998000000
226,Titan Store,"Beach Road,","Chinnakada,",KOLLAM,691001,Kerala                                            ,+919998000000
227,Titan Store,C.S.I.COMMECIAL COMPLEX,BAKER JUNCTION,KOTTAYAM,686001,Kerala                                            ,+919998000000
228,Titan Store,"FOCUS MALL,","OPP TO MOFASUL BUS STAND,  RAJAJI ROAD,",KOZHIKODE,673004,Kerala                                            ,+919998000000
229,Titan Store,"GOLDEN PLAZA, K.R.S.BUILDING","OPP. KSRTC BUS STAND, MAVOOR ROAD",KOZHIKODE,673001,Kerala                                            ,+919998000000
230,Titan Store,"Door No. 40/581 – A, ","Ground Floor , S V Complex, R S Road, ",KURNOOL,518004,AndraPradesh                                      ,+919998000000
231,Titan Store,"LIFE STYLE 1, AUSA ROAD",RAJIV GANDHI CHOWK,LATUR,413531,Maharastra                                        ,+919998000000
232,Titan Store,"16 (31/41) Mahatma Gandhi Marg, ","Hazratganj, Opp Punjab National Bank,",LUCKNOW,226001,Uttarpradesh                                      ,+919998000000
233,Titan Store,"Shop.no.M-6, Gol Market,","Mahanagar chowk , Mahanagar,",LUCKNOW,226006,Uttarpradesh                                      ,+919998000000
234,Titan Store,SHOP N- 40 UPPER GROUND FLOOR ,"FUN REPUBLIC ( ZEE MALL ), GOMTINAGAR ",LUCKNOW, 226 001,Uttarpradesh                                      ,+919998000000
235,Titan Store,"Shop NO  G-7 Ground Floor, Phoenix United Mall,","Plot NO CP-08  SECTOR B, KANPUR ROAD",LUCKNOW,226012,Uttarpradesh                                      ,+919998000000
236,Titan Store,NO.41,FEROZE GANDHI MARKET,LUDHIANA,141001,Punjab                                            ,+919998000000
237,Titan Store,"UG-20, WESTEND MALL",FEROZEPUR ROAD,LUDHIANA,141001,PUNJAB,+919998000000
238,Titan Store,"184-A,",NORTH VELI STREET,MADURAI,625001,TamilNadu                                         ,+919998000000
239,Titan Store,SACS PLAZA,"55, ALAGAR KOIL ROAD, THALAKULAM",MADURAI,625002,TamilNadu                                         ,+919998000000
240,Titan Store,"12G KMA COMPLEX, RAMNAGAR",BYEPASS ROAD,MADURAI,625010,TamilNadu                                         ,+919998000000
241,Titan Store,BALMATTA ROAD,OPP. HOTEL ROOPA,MANGALORE,575001,Karnataka                                         ,+919998000000
242,Titan Store,"DEEPA PLAZA,",M.G.ROAD,MANGALORE,575001,Karnataka                                         ,+919998000000
243,Titan Store,"UG-16, CITI CENTRE MALL",K.S.RAO ROAD,MANGALORE,575001,Karnataka                                         ,+919998000000
244,Titan Store,"1213, RANGAVI",OPP. MUNICIPALITY,MARGAO,403601,Goa                                               ,+919998000000
245,Titan Store,"Shop no- G7, G8,","Citi Plaza, Begum Bridge Road",MEERUT,250001,Uttarpradesh                                      ,+919998000000
246,Titan Store,"SCO 119,Phase 7",Mohali,Mohali,160062,PUNJAB,+919998000000
247,Titan Store,"5/6, PARAS DARSHAN                                                                                  ",M.G.ROAD,MUMBAI,400077,Maharastra                                        ,+919998000000
248,Titan Store,"SHOP NO. 2 & 3, JAI SHIV SHAKTI BUILDING","NEHRU ROAD, MULUND (WEST)",MUMBAI,400080,Maharastra                                        ,+919998000000
249,Titan Store,"SHOP NO.1 & 2, MEHUL BUILDING","L.T.ROAD, BORIVALI (WEST)",MUMBAI,400092,Maharastra                                        ,+919998000000
250,Titan Store,"G-34, R-city Mall,","LBS Marg, Ghatkopar (W),",MUMBAI,400077,Maharastra                                        ,+919998000000
251,Titan Store,"2, SILVER STONE ","294, LINKING ROAD, KHAR(WEST)",MUMBAI,400052,Maharastra                                        ,+919998000000
252,Titan Store,"1 & 2, SUCHAK HOUSE","MURBAD ROAD, OPP. KALYAN SCAN CENTRE, KALYAN (WEST)",MUMBAI,421301,Maharastra                                        ,+919998000000
253,Titan Store,"378, N.C.KELKAR ROAD",DADAR (WEST),MUMBAI,400028,Maharastra                                        ,+919998000000
254,Titan Store,"NO2, JAMUNA APARTMENTS ","S V ROAD, ANDHERI ( W) ",MUMBAI, 400 058 ,Maharastra                                        ,+919998000000
255,Titan Store,"112/114, NEW CHARNI ROAD","HIRA BHAWAN, OPP. HARKISONDAS HOSPITAL, PRATHANA SAMAJ",MUMBAI,400004,Maharastra                                        ,+919998000000
256,Titan Store,"SHREE SUKHAKARTA, SHOP NO.4","SUNDARAM PLOT NO 128, M.C.C.H.SOCIETY",MUMBAI,410206,Maharastra                                        ,+919998000000
257,Titan Store,Shiv-E-Numh building,Dr. Annie Besant Road,MUMBAI,400014,Maharastra                                        ,+919998000000
258,Titan Store,"UG 9, Upper Ground,","Korum Mall, Thane (W)",MUMBAI,400603,Maharastra                                        ,+919998000000
259,Titan Store,"SHOP NO.1 & 2, NAV ASHUTOSH BUILDING","NEAR PARASMANI, KALYAN ROAD, DOMBIVILI (EAST) ",MUMBAI,421201,Maharastra                                        ,+919998000000
260,Titan Store,"G-11, PHOENIX MARKET CITY","L.B.S. MARG, KURLA WEST",MUMBAI,400 070,Maharastra                                        ,+919998000000
261,Titan Store,"F-28, 1st Flr., Oberoi Mall, Nr. Dindoshi Bus Depot,","Off. W.E. Highway,Goregaon East",MUMBAI,400063,Maharastra                                        ,+919998000000
262,Titan Store,"G-16, PLOT NO 39/1,","SECTOR NO 30/A,VASHI,",MUMBAI,400705,Maharastra                                        ,+919998000000
263,Titan Store,"PERSIPOLIS, SHOP Nos. 11 &12","SECTOR 17, VASHI",MUMBAI,400703,MAHARASHTRA,+919998000000
264,Titan Store,"Terminal 1B SHA2, Chatrapati Shivaji ","International Airport, santacruz",Mumbai,400099,Maharastra                                        ,+919998000000
265,Titan Store,"WORLD OF TITAN, NATRAJ THEATRE BUILDING,","GRD.FLOOR,ROAD NO.1,CHEMBUR,",MUMBAI,400071,Maharastra                                        ,+919998000000
266,Titan Store,"Ground floor, Pitrusmruti,","junction of Ram Maruti & Gokhle Road, Naupada",MUMBAI,400 602,Maharastra                                        ,+919998000000
267,Titan Store,HOLLAND HOUSE                                                                                       ,"S.BHAGAT SINGH MARG, COLABA",MUMBAI,400039,Maharastra                                        ,+919998000000
268,Titan Store,"G-1 & G-2, 199 LINKING ROAD,                                                                        ","DIAGONALLY OPP. SHOPPERSSTOP,NAVCHANDRA NIWAS CO-OPERATIVE,",MUMBAI,400050,Maharastra                                        ,+919998000000
269,Titan Store,"3A/3B, 1st Floor Sky Zone, Sena Bati Bapat Marg",Sena Pati Bapat Marg,Mumbai,400013,Maharastra                                        ,+919998000000
270,Titan Store,"SHOP 1 & 2, RAM NIWAS , GOKHALE ROAD,                                                                         "," OPP. NAUPADA OLD TELEPHONE EXCHANGE, THANE (WEST)",MUMBAI,400062,Maharastra                                        ,+919998000000
271,Titan Store,"SHOP NO.G 58, GR.FLOOR , NEXT TO RAYMOND SHOWROOM","LINK ROAD, MALLAD (WEST)",MUMBAI,400064,Maharastra                                        ,+919998000000
272,Titan Store,MOTIJHEEL,MOBILE NUMBER 9835615273,MUZAFFARPUR,842001,Bihar                                             ,+919998000000
273,Titan Store,"No.89,89/A,","Devaraja URS Road,",MYSORE,570001,Karnataka                                         ,+919998000000
274,Titan Store,140-A ,DEVARAJ URS ROAD,MYSORE,570001,Karnataka                                         ,+919998000000
275,Titan Store,"Elisha Lake complex, ","opp woodlands restaurant,",Nadiad,387001,Gujarat,+919998000000
276,Titan Store,"103,Police Station Road",AVVAI SHANMUGAM SALAI,NAGERCOIL,629001,TamilNadu                                         ,+919998000000
277,Titan Store,"6, SADIQUE BUILDING","MOUNT ROAD EXTN., SADAR",NAGPUR,440001,Maharastra                                        ,+919998000000
278,Titan Store,SHANKAR NAGAR SQUARE,"KHARE TOWN, DHARAMPETH",NAGPUR,440010,Maharastra                                        ,+919998000000
279,Titan Store,"SAVADIA COMPLEX, NIT PLOT NO 73-C","GANDHIPUTLA SQ, ITWARI",NAGPUR,440002,Maharastra                                        ,+919998000000
280,Titan Store,"G 42B, EMPRESS CITY MALL","SURVEY101, TRADE NO199, MAUZA NAGPUR, BALKAN ROAD, NEAR COTTON MARKET",NAGPUR,440018,Maharastra                                        ,+919998000000
281,Titan Store,"Shop no.18,19","Opp.Balaji Temple,GG Road ",Nanded,431601,MAHARASHTRA,+919998000000
282,Titan Store,"MFS-13,","City Centre Mall, Untwadi,",NASHIK,422002,Maharastra                                        ,+919998000000
283,Titan Store,"SHOP NO. 29, 30 & 31","DEVS ARCADE, SAMARTH NAGAR",NASHIK,422005,Maharastra                                        ,+919998000000
284,Titan Store,SHOP-15/16 DEHABANOO COMERCIAL COMPLEX,"NASIK-PUNE HIGHWAY,NASHIK ROAD,",NASHIK.,422003,MAHARASHTRA.,+919998000000
285,Titan Store,"16-1/246, S.R.PLAZA","TRUNK ROAD, OPP. KOMALA VILAS",NELLORE,524001,AndraPradesh                                      ,+919998000000
286,Titan Store,"4-6-570/3a/1, Swarna complex,","Yellammagutta,Hyderabad road,",NIZAMABAD,503003,AndraPradesh                                      ,+919998000000
287,Titan Store,"G-17, ","Sector 18,",NOIDA,201301,Uttarpradesh                                      ,+919998000000
288,Titan Store,"SHOP NO. 74, PLOT NO. A-2 ,SITUATED IN SECTOR 38 A,                                                 ","NEW OKHLA INDUSTRIAL DEVELOPMENT AREA,DISTRICT GAUTAM BUDH.",NOIDA,201301,Uttarpradesh                                      ,+919998000000
289,Titan Store,"KURNOOL ROAD,",0,ONGOLE,523002,AndraPradesh                                      ,+919998000000
290,Titan Store,"OLD NO 11/43, NEW NO 39/52 ,","GANDHI BAZAR ROAD,",PALGHAT,678001,Kerala                                            ,+919998000000
291,Titan Store,"1, DURGA CHAMBERS",18TH JUNE ROAD,PANAJI,403001,Goa                                               ,+919998000000
292,Titan Store,M/S KAPOOR BROTHERS ROLLER FLOOR MILLS,SCO 348 SECTOR 9  PANCHKULLA,PANCHKULA,134019,Haryana                                           ,+919998000000
293,Titan Store,"Shop No -10 & 11, Gurudata Apartment,","M G Road,",Panjim,403001,Goa,+919998000000
294,Titan Store,SHOP UGF -18,OMAXE  WEDDING MALL,PATIALA,147001,PUNJAB,+919998000000
295,Titan Store,"DAK BUNGLOW ROAD, ",OPP.MAURYA LOK COMPLEX,PATNA,800001,Bihar                                             ,+919998000000
296,Titan Store,Corner of BMP Road ,"Ashiana More , Rajabazar ",PATNA,800 014,Bihar                                             ,+919998000000
297,Titan Store,GANDHI MAIDAN-EAST,NEAR REGENT CINEMA,PATNA,800004,Bihar                                             ,+919998000000
298,Titan Store,"SHOP NO.1, OPP. ALANKAR PLACE,","BORING ROAD,",PATNA,800 001,Bihar                                             ,+919998000000
299,Titan Store,"Shop No. G 11, G Floor, P & M Mall,",PATLIPUTRA - KURJI MORE,PATNA,800014,Bihar,+919998000000
300,Titan Store,"155, MISSION STREET",PONDICHERRY,PONDICHERRY,605001,Pondichery                                        ,+919998000000
301,Titan Store,"917/20,Charming House,","Next to Oriental bank of Commerce,  Shivaji Nagar",Pune,411004,Maharastra                                        ,+919998000000
302,Titan Store,"SHOP NO 3/4/5,DEVGIRI APTMNT,","OPP. PL DESHPHANE GARGEN,SINHGAD ROAD",PUNE,411009,Maharastra                                        ,+919998000000
303,Titan Store,"F-64, Pheonix Market City, ","Nagar Road,",Pune,411014,MAHARASHTRA,+919998000000
304,Titan Store,"D-3/5, MUMBAI-PUNE ROAD","OPP. GREAVES FOUNDRY, CHINCHWAD",PUNE,411019,Maharastra                                        ,+919998000000
305,Titan Store,"S47, INORBIT MALL, SOMESHWAR NAGAR, WADGAON SHERI","NAGAR ROAD, PUNE",PUNE,411 014,PUNE,+919998000000
306,Titan Store,"Shop No 1,2,3,4,","Silver Fern,Karve Road, Kothrud(Opp. Kothrud Bus Stand)",PUNE,411038,Maharastra                                        ,+919998000000
307,Titan Store,"G-12, GROUND FLOOR, KUMAR PACIFIC MALL,","FP CST 42&43,SHANKARSETH ROAD, NEAR 7 LOVES CHOWK, GULTEKDI",PUNE,411042,MAHARASHTRA,+919998000000
308,Titan Store,"SHOP NO.7 &  8, LANDMARK CENTRE, OPP. CITY PRIDE CINEMA ","SURVEY NO 46/1B, PLOT NO 2, PUNE SATARA ROAD",PUNE,411009,Maharastra                                        ,+919998000000
309,Titan Store,"SHOP 127/129,FORT ALZZA","OPP GOLD ADLABS,KALYANI NAGAR",PUNE,411006,Maharastra                                        ,+919998000000
310,Titan Store,"13, M.G.ROAD ",CAMP PUNE,PUNE,411001,Maharastra                                        ,+919998000000
311,Titan Store,"Shop No 5 & 6,Fun N Shop,","Near Big Bazar,Fatima Nagar",PUNE,411040,Maharastra                                        ,+919998000000
312,Titan Store,"PLEXUS MALL, ITI ROAD,","OPP OZONE, AUNDH,",PUNE,411005,Maharastra                                        ,+919998000000
313,Titan Store,"1318, JANGLI MAHARAJ ROAD, NEAR MEDINOVA HOSPITAL","OPP. MODERN HIGH SCHOOL, SHIVAJINAGAR",PUNE,411005,Maharastra                                        ,+919998000000
314,Titan Store,SHASTRI CHOWK,G.E.ROAD,RAIPUR,492001,Chattisgarh                                       ,+919998000000
315,Titan Store,"simran towers,Opp LIC building","tandri,",RAIPUR,492004,Chattisgarh                                       ,+919998000000
316,Titan Store,31 - 1 - 40 ,FORT GATE,RAJAHMUNDRY,533101,AndraPradesh                                      ,+919998000000
317,Titan Store,"10-2-2, D.B.VENKATAPATHI RAJU COMPLEX",OPP. PUSHKHAR GHAT,RAJAHMUNDRY,533101,AndraPradesh                                      ,+919998000000
318,Titan Store,"Ground Floor, Holiday Business Circle,Nr.ICICI BANK","kotecha chowk, kalawad road",RAJKOT,360001,Gujarat,+919998000000
319,Titan Store,TRIKON BAUG,"GASFORD TALKIES ROAD, OPP. RAJKOT GYMKHANA",RAJKOT,360001,Gujarat                                           ,+919998000000
320,Titan Store,"3, GEL CHURCH COMPLEX",MAIN ROAD,RANCHI,834001,Jarkhand                                          ,+919998000000
321,Titan Store,OPP. MAHINDRA PRASAD MAHILA VIDHYALYA ,"CIRCULAR ROAD , RANCHI",RANCHI,834001,Jarkhand                                          ,+919998000000
322,Titan Store,"85, CHANDINI CHOWK ",OPP. UCO BANK,RATLAM,457001,M P                                               ,+919998000000
323,Titan Store,BISRA ROAD,OPP. HOTEL VRINDAVAN,ROURKELA,769001,Orissa                                            ,+919998000000
324,Titan Store,OPP. SOFIA MARKET,COURT ROAD,SAHARANPUR,247001,Uttarpradesh                                      ,+919998000000
325,Titan Store,"POOKADAI SHOPPING COMPLEX, 1ST FLOOR",FOUR ROADS,SALEM,636009,TamilNadu                                         ,+919998000000
326,Titan Store,"# 194,  Opposite to Saradha College","Saradha College Main Road,",SALEM,636016,TamilNadu                                         ,+919998000000
327,Titan Store,"SHOP NO.43 & 44, CHAMUNDI SHOPPING COMPLEX ",FOUR ROADS,SALEM,636007,TamilNadu                                         ,+919998000000
328,Titan Store,PRANAM ARCADE,"NEAR RAM MANDIR, SANGLI MIRAJ ROAD",SANGLI,416416,Maharastra                                        ,+919998000000
329,Titan Store,"175, RAVIWAR PETH, ","NEAR SHIVAJI CIRCLE, POWAI NAKA",SATARA,415001,Maharastra                                        ,+919998000000
330,Titan Store,"Cosmos Mall,shop no.13,","Second Mile,Shevok Road,",SILIGURI,734001,West Bengal                                       ,+919998000000
331,Titan Store,SHOP NO B0002  CITY CENTRE,"MATIGARA, SILIGURI",SILIGURI,734010,WEST BENGAL,+919998000000
332,Titan Store,"NRKR Road, ","130-A, Patti Street,                                                                                        ",SIVAKASI,626123,TamilNadu                                         ,+919998000000
333,Titan Store,"NO.126/7, MURARJI PETH",NEXT TO AISHWARYA HOTEL,SOLAPUR,413001,Maharastra                                        ,+919998000000
334,Titan Store,LAL CHOWK,OPPOSITE TO CLOCK TOWER,SRINAGAR,190001,J & K                                             ,+919998000000
335,Titan Store,"SHOP NO. 1, HIGH GROUND FLOOR, SHREEJI ARCADE","ABOVE ADANI SUPER MARKET, OPP. ANAND MAHAL APT., ANAND MAHAL ROAD, ADAJAN",SURAT,395009,Gujarat                                           ,+919998000000
336,Titan Store,"U/3/4, ANJAN SHLAKA COMPLEX ","OPP. JAIN TEMPLE, NEAR LAL BUNGLOW, ATHWALINES, SURAT DUMAS ROAD",SURAT,395007,Gujarat                                           ,+919998000000
337,Titan Store,"125,ISCON MALL ,OPP. RAJHANS CINEMA","SURAT- DUMAS ROAD,PIPLOD",SURAT,395007,Gujarat                                           ,+919998000000
338,Titan Store,"1475, SOUTH RAMPART",,TANJORE,613001,TamilNadu                                         ,+919998000000
339,Titan Store,"Shop No 1,2 & 3, Anita Palace, Near HDFC Bank","Amabadi Road, Navghar, Vasai (West)",Thane,401202,MAHARASHTRA,+919998000000
340,Titan Store,"22,TRIVANDRAM ROAD,",MURUGANKURUCHI,TIRUNELVELI,627002,TamilNadu                                         ,+919998000000
341,Titan Store,"51-B/6 & 51-B/7, NAINAR SHOPING COMPLEX",OLD BUS STAND ROAD,TIRUNELVELI,627001,TamilNadu                                         ,+919998000000
342,Titan Store,"Choice,18-1-605,","Mosque Road or V V Mahal Road, ",TIRUPATI,517501,AndraPradesh                                      ,+919998000000
343,Titan Store,"23, MUNICIPAL OFFICE STREET",TIRUPUR,TIRUPUR,641604,TamilNadu                                         ,+919998000000
344,Titan Store,"474, Gandhi Nilayam,","P.N.ROAD, TIRUPUR",TIRUPUR,641602,TamilNadu                                         ,+919998000000
345,Titan Store,ROUND WEST,MANUAL SONS BULIDING,TRICHUR,680001,Kerala                                            ,+919998000000
346,Titan Store,"5, BHATHIAR SALAI, JENNE COMPLEX",CANTONMENT,TRICHY,620001,TamilNadu                                         ,+919998000000
347,Titan Store,"141, S.R.M.COMPLEX,NEAR LAKSHMI COMPLEX",SALAI ROAD,TRICHY,620018,TamilNadu                                         ,+919998000000
348,Titan Store,"SEETHA SHANKAR TOWERS, PULIMOODU JUNCTION",M.G.ROAD,TRIVANDRUM,695001,Kerala                                            ,+919998000000
349,Titan Store,"ED,HEIGHTS,BELOW SPENCER DAILY                    ",OPP.LIC PATTOM,TRIVANDRUM,695004,Kerala                                            ,+919998000000
350,Titan Store,"107,108,RED CROSS BUILDING",ASHOKA ROAD,TUMKUR,572101,Karnataka                                         ,+919998000000
351,Titan Store,"NO 223,WEST GREAT COTTON ROAD",TUTICORIN,TUTICORIN,628002,TamilNadu                                         ,+919998000000
352,Titan Store,"7/A Delhi Gate,","Bapu Bazar,Near Tanishq,",UDAIPUR,313001,Rajasthan                                         ,+919998000000
353,Titan Store,"CPC Plaza,","Opp. KSRTC Bus Stand Main Road,",UDUPI,576101,Karnataka                                         ,+919998000000
354,Titan Store,"NO. 3, SUNSHINE TOWER","BHATWAL TALKIES, FREE GUNJ",UJJAIN,456010,M P                                               ,+919998000000
355,Titan Store,"6 Gunjan Shopping Centre,Near Gunjan Cinema,","Gunjan Char Rasta,GIDC",VAPI,396195,Gujarat                                           ,+919998000000
356,Titan Store,"SOP NO 15, IST FLOOR , IP3 MALL ",SIGRA ,VARANASI,221001,Uttarpradesh                                      ,+919998000000
357,Titan Store,OPP: CHETGANJ POLICE STATION,LAHURABIR,VARANASI,221001,Uttarpradesh                                      ,+919998000000
358,Titan Store,"66 officers line, "," thiyagarayapuram,",VELLORE,635601,TamilNadu                                         ,+919998000000
359,Titan Store,"No.75/1, 75/2, katpadi road,","Near vasan ENT hospital, Gandhi Nagar",Vellore,632006,TamilNadu                                         ,+919998000000
360,Titan Store,"KARL MARX RD ,( ELURU ROAD)",GOVERNORPET,VIJAYAWADA,520002,AndraPradesh                                      ,+919998000000
361,Titan Store,"40-1-07 (Next to Tanishq),","Sudarshan Complex, M. G.Road ,",VIJAYAWADA,520010,AndraPradesh                                      ,+919998000000
362,Titan Store,"Door No 58-1-305, Raja Sree Nilayam,","Bhuchirajupalem, NAD Kotharoad,",VISAKHAPATNAM,530057,AndraPradesh                                      ,+919998000000
363,Titan Store,"8-13-8, Beside 38 Bus Stop,","NH-5, Old Gajuwaka,",VISAKHAPATNAM,530026,AndraPradesh                                      ,+919998000000
364,Titan Store,48 - 9 - 1 ,DWARAKANAGAR,VISAKHAPATNAM,530016,AndraPradesh                                      ,+919998000000
365,Titan Store,"SHOP NO.5 & 6, CITY CENTRE COMPLEX",JAGADAMBA JUNCTION,VISAKHAPATNAM,530002,AndraPradesh                                      ,+919998000000
366,Titan Store,"No- 1-8-612, New,","Nakkalagutta.Hanamakonda,",WARANGAL,506001,AndraPradesh                                      ,+919998000000
367,Titan Store,"MAIN LINE,TANGA STAND ,NR HAJI TREDERS ",OPP. JOHN PLAYERS ,YAVATMAL,445001,MAHARASHTRA,+919998000000
